source_id,industry,company,source_title,source_publisher,source_type,source_origin,url,publication_date,access_date,pricing_terms_used,company_position,summary,key_excerpts
2025-07-28-video-blumenthal-colleagues-demand-answers-from-delta,aviation,delta,"""Video: Blumenthal & Colleagues Demand Answers from Delta CEO as Company Moves Toward AI Price Model to Set Airfares""",Senator Richard Blumenthal,senate press release,third party with company statement,https://www.blumenthal.senate.gov/newsroom/press/release/video-blumenthal-and-colleagues-demand-answers-from-delta-ceo-as-company-moves-toward-ai-price-model-to-set-airfares,2025-07-28,2026-05-05,"AI price model, individualized fares, surveillance-based fares, personal pain point, pricing discrimination",clarifies/qualifies,"Senator Blumenthal's press release summarizes the July 21 senators' letter demanding answers from Delta about its planned expansion of AI-based fare setting. It characterizes the Fetcherr rollout as individualized, surveillance-based pricing that could use personal information and willingness-to-pay estimates to raise fares. The release also notes Delta's general claim that it will maintain legal safeguards, while arguing that the company has not explained those safeguards or the data inputs.","""Delta announced its plans to ramp up use of AI to set individualized, surveillance-based fares."" | ""Consumers have no way of knowing what data and personal information your company and Fetcherr plan to collect or how the AI algorithm will be trained."" | ""Prices could be dictated not by supply and demand, but by individual need."""
a-review-of-ancillary-services-in-the-airline-industry,aviation,delta,"""A review of ancillary services in the airline industry""",Cogent Business & Management,academic article,third party,https://doi.org/10.1080/23311975.2024.2322018,2024-03-11,2026-05-06,"ancillary services, willingness to pay, personalized pricing, dynamic pricing",unclear,"This academic review surveys research on airline ancillary services, passenger willingness to pay, dynamic pricing, and personalized pricing. It does not make a claim about Delta specifically, but it provides industry context for how airlines analyze customer preferences and use pricing strategies around add-on services. The source frames personalized pricing as part of a broader revenue-management literature rather than as a public controversy.","""The primary objective of this research article is to provide a review of ancillary services on passengers’ willingness to pay and the personalized pricing within the airline industry."" | ""Section 4 thoroughly examines seminal studies concerning WTP assessments for ancillary services, the dynamic pricing strategies for these services, and the incorporation of personalized concepts."""
corrected-transcript-delta-air-lines-inc-dal-us-investor-day-20-november-2024-8-,aviation,delta,"""Delta Air Lines Investor Day Corrected Transcript""",Delta Investor Relations / FactSet,investor transcript,company,https://s2.q4cdn.com/181345880/files/doc_downloads/2024/11/CORRECTED-TRANSCRIPT_-Delta-Air-Lines-Inc-DAL-US-Investor-Day-20-November-2024-8_30-AM-ET.pdf,2024-11-20,2026-05-05,"AI pricing, Fetcherr, optimized offers, right offer, offer management, individual",admits,"In this investor transcript, Delta executives describe a retailing and pricing strategy focused on optimized offers, generative AI, and Fetcherr. Glen Hauenstein says about 1% of Delta's network is being priced by Fetcherr and describes the work as a full reengineering of pricing and revenue management into offer management. The comments include language about presenting customers the right offer at the right time and having a price available for a flight at a time to the individual.","""What we’re really trying to do is to get inside the mind of our consumer and present them relevant, something that’s relevant to them at the right time with the right price."" | ""We’ve got about 1% of our network currently being priced by the Fetcherr team."" | ""This is again a full reengineering of how we price and how we will be pricing in the future."" | ""We will have a price that’s available on that flight, on that time to you, the individual."""
corrected-transcript-delta-air-lines-inc-dal-us-q2-2025-earnings-call,aviation,delta,"""Delta Air Lines Q2 2025 Earnings Call Corrected Transcript""",Delta Investor Relations / FactSet,earnings call transcript,company,https://s2.q4cdn.com/181345880/files/doc_earnings/2025/q2/transcript/CORRECTED-TRANSCRIPT_-Delta-Air-Lines-Inc-DAL-US-Q2-2025-Earnings-Call.pdf,2025-07-10,2026-05-05,"AI-enhanced pricing, Fetcherr, revenue management, dynamic pricing, test phase",admits,Delta's Q2 2025 earnings call presents Fetcherr as part of the company's commercial use of AI to optimize revenue. The transcript says Delta is leveraging AI-enhanced pricing solutions through the partnership and that the work remains in a test phase with encouraging results. The discussion frames the pricing tool as a revenue-management improvement rather than a consumer-facing personalization controversy.,"""Commercially, we’re optimizing revenue through our partnership with Fetcherr, leveraging AI-enhanced pricing solutions."" | ""While we are still in the test phase, results are encouraging."""
delta-ai-letter,aviation,delta,"""Delta AI Letter""",Senator Ruben Gallego / U.S. Senate,senate letter,third party with company statement,https://www.gallego.senate.gov/wp-content/uploads/2025/07/Delta-AI-Letter.pdf,2025-07-21,2026-05-05,"artificial intelligence, individualized fares, surveillance-based price setting, willingness to pay, personal pain point, pricing discrimination",clarifies/qualifies,"Senators Gallego, Warner, and Blumenthal write to Delta CEO Ed Bastian with concerns about Delta's plan to expand AI-based revenue management across 20% of its domestic network. The letter defines individualized pricing as surveillance-based price setting tailored to willingness to pay and argues that Delta's system could raise fares to each consumer's personal pain point. It asks Delta to disclose data inputs, Fetcherr's role, safeguards against discrimination, and whether personal information will be used.","""Individualized pricing, or surveillance-based price setting, eliminates a fixed or static price in favor of prices that are tailored to an individual consumer’s willingness to pay."" | ""Delta plans to deploy AI-based revenue management technology across 20 percent of its domestic network by the end of 2025 in partnership with Fetcherr."" | ""Consumers have no way of knowing what data and personal information your company and Fetcherr plan to collect or how the AI algorithm will be trained."""
delta-air-assures-us-lawmakers-it-will-not-personalize-fares-using-ai-reuters,aviation,delta,"""Delta Air assures US lawmakers it will not personalize fares using AI""",Reuters,news article,third party with company statement,https://www.reuters.com/business/delta-air-assures-us-lawmakers-it-will-not-personalize-fares-using-ai-2025-08-01/,2025-08-01,2026-05-06,"AI, personalized ticket prices, individualized prices, personal data, dynamic pricing, surveillance prices",denies,Reuters reports Delta's response to lawmakers after criticism of its AI pricing plans. Delta says it will not use AI to set personalized ticket prices and states that no fare product targets customers with individualized prices based on personal data. The article also notes lawmakers' continuing questions about what data Delta collects and how its Fetcherr-based revenue-management technology will operate.,"""Delta Air Lines said on Friday it will not use artificial intelligence to set personalized ticket prices for passengers after facing sharp criticism from U.S. lawmakers and broad public concern."" | ""There is no fare product Delta has ever used, is testing or plans to use that targets customers with individualized prices based on personal data."" | ""Our ticket pricing never takes into account personal data."""
delta-responds-to-misinformation-around-ai-pricing-delta-news-hub,aviation,delta,"""Delta responds to misinformation around AI pricing""",Delta News Hub,company statement,company,https://news.delta.com/delta-responds-misinformation-around-ai-pricing,2025-08-07,2026-05-05,"AI, dynamic pricing, individualized pricing, surveillance pricing, aggregated data, pricing recommendations, personal data",denies,"Delta publishes Peter Carter's response to senators and denies that its AI pricing work uses individualized or surveillance pricing based on consumer-specific personal data. The statement describes AI pricing as a decision-support tool that uses aggregated data to help analysts adjust fares in response to market dynamics. Delta also says customers can shop without signing in, prices are not targeted to individual consumers, and personal information is not shared with Fetcherr.","""Your letter presupposes that we are using, and intend to use, AI for ‘individualized’ pricing or ‘surveillance’ pricing... To clarify, this is incorrect."" | ""There is no fare product Delta has ever used, is testing or plans to use that targets customers with individualized prices based on personal data."" | ""Our AI powered pricing functionality is designed to enhance our existing fare pricing processes using aggregated data."" | ""We do not share any personal information with Fetcherr."""
deltas-dynamic-ai-pricing-plan-sounds-different-now-the-verge,aviation,delta,"""Delta’s dynamic AI pricing plan sounds different now""",The Verge,news article,third party with company statement,https://www.theverge.com/news/717867/delta-ai-dynamic-pricing-model,2025-08-01,2026-05-06,"dynamic AI pricing, AI-assisted dynamic pricing, personal data, aggregated data, pricing recommendation functionality, individualized prices",denies,The Verge contrasts Delta's earlier investor-facing comments about AI pricing with Delta's later response to lawmakers. The article reports Delta's denial that it targets customers with individualized prices based on personal data and highlights the company's newer framing of the system as aggregated-data decision support for analysts. It presents the controversy as a shift from broad language about individualized offers to a more limited explanation centered on market-level pricing recommendations.,"""There is no fare product Delta has ever used, is testing or plans to use that targets customers with individualized prices based on personal data."" | ""Our AI-powered pricing functionality is designed to enhance our existing fare pricing processes using aggregated data."" | ""This technology is a decision-support tool that simply provides informed insights for our analysts."""
gallego-response-letter-073125,aviation,delta,"""Delta response letter to Senators Gallego, Blumenthal, and Warner""",Delta Air Lines,company letter,company,https://www.gallego.senate.gov/wp-content/uploads/2025/08/Gallego-Response-Letter-07.31.25.pdf,2025-07-31,2026-05-06,"AI, dynamic pricing model, individualized pricing, surveillance pricing, aggregated data, personal data, pricing recommendations",denies,"Delta's direct letter to Senators Gallego, Blumenthal, and Warner denies that the company uses or plans to use AI for individualized or surveillance pricing based on personal data. Delta describes its AI-powered pricing functionality as an aggregated-data tool that supports analysts, recommends adjustments in both directions, and responds to market dynamics and competition. The letter also says customers can shop without providing personal information and that Delta does not share personal information with Fetcherr.","""There is no fare product Delta has ever used, is testing or plans to use that targets customers with individualized prices based on personal data."" | ""Our AI-powered pricing functionality is designed to enhance our existing fare pricing processes using aggregated data."" | ""Prices are not targeted to individual consumers."" | ""We do not share any personal information with Fetcherr and as noted above, our ticket pricing never takes into account personal data."""
gallego-statement-on-deltas-response-to-his-letter-on-ai-based-pricing,aviation,delta,"""Gallego Statement on Delta’s Response to his Letter on AI-Based Pricing""",Senator Ruben Gallego,senate press release,third party with company statement,https://www.gallego.senate.gov/news/press-releases/gallego-statement-on-deltas-response-to-his-letter-on-ai-based-pricing/,2025-08-01,2026-05-05,"AI-based pricing, individualized data, aggregated data, right offer, surveillance-based fares",denies,"Senator Gallego responds to Delta's denial by arguing that the company's public explanation conflicts with earlier investor-facing comments. He says Delta's claim that it uses aggregated rather than individualized data would be welcome if true, but asks why executives previously discussed getting the right offer to customers at the right time. The statement calls for Delta to clarify whether its response represents a reversal or a correction of prior remarks.","""Delta is telling their investors one thing, and then turning around and telling the public another."" | ""If Delta is in fact using aggregated instead of individualized data, that is welcome news."" | ""Why did their president brag to their investors about their desire to ‘get you the right offer in your hand at the right time’?"""
how-delta-airlines-and-other-companies-use-dynamic-pricing-to-determine-how-much,aviation,delta,"""How Delta Airlines and other companies use dynamic pricing to determine how much you pay""",Harvard Law Today,expert interview / news analysis,third party with company statement,https://hls.harvard.edu/today/how-delta-airlines-and-other-companies-use-dynamic-pricing-to-determine-how-much-you-pay/,2025-08-15,2026-05-06,"dynamic pricing, surveillance pricing, algorithms, personal data, generalized data, pain point",denies,"Harvard Law Today uses the Delta controversy to explain the difference between generalized dynamic pricing and surveillance pricing based on personal data. The expert interview describes how algorithms can estimate a consumer's pain point, or maximum willingness to pay, using demographic, behavioral, location, or preference data. It notes that Delta reassured consumers it would not use AI to create personalized flight prices, while placing the episode in a broader discussion of algorithmic pricing across industries.","""Delta said that it would use artificial intelligence to determine domestic fares, the reaction from some lawmakers and the public was swift — and negative, leading the company to reassure consumers that it would not deploy AI to create personalized flight prices."" | ""Retailers are looking for what’s called the ‘pain point.’ That’s the maximum amount that you as an individual customer are willing to pay for a specific product."" | ""It gets to be quite uncomfortable when we think about companies using algorithms to find or at least predict our individual pain points based on our individual data."""
news-congressman-greg-casar-introduces-new-stop-ai-price-gouging-and-wage-fixing,aviation,delta,"""NEWS: Congressman Greg Casar Introduces New Stop AI Price Gouging and Wage Fixing Act""",Representative Greg Casar,congressional press release,third party,https://casar.house.gov/media/press-releases/news-congressman-greg-casar-introduces-new-stop-ai-price-gouging-and-wage,2025-07-23,2026-05-06,"AI price gouging, surveillance-based price setting, personalized data, personal data, targeted prices",third-party allegation,"Representative Casar's press release announces federal legislation to ban AI-based price and wage setting using Americans' personal data. It cites Delta's plan to expand AI pricing from 3% to 20% of prices by the end of the year as an example of growing concern about surveillance-based pricing. The release frames the issue as consumer and worker exploitation through automated systems that use personalized data such as browsing history, location, address, race, gender, or genetics.","""The first federal proposal to ban companies from using Artificial Intelligence (AI) to set prices or wages based on Americans’ personal data."" | ""Delta Airlines just announced plans to set 20% of prices using AI by the end of the year, up from 3% currently."" | ""Giant corporations should not be allowed to jack up your prices or lower your wages using data they got spying on you."""
privacy-and-security-delta-air-lines,aviation,delta,"""Privacy and Security""",Delta Air Lines,privacy policy,company,https://www.delta.com/us/en/legal/privacy-and-security,2026-01,2026-05-06,"personal information, segmentation, modelling, automated decisions, tailor products and services, preferences",unclear,"Delta's privacy policy describes the categories of personal information Delta collects and how it may combine, model, and use that information. The policy says Delta may use segmentation and modelling of personal information for marketing communications and to tailor products and services based on previous travel, transactions, communications, and likely preferences. It does not state that personal information is used to set ticket prices, but it documents the company's broader data-use practices relevant to personalization concerns.","""Send you marketing communications, offers, and invitations to events, which may be based on our segmentation and modelling of your personal information."" | ""Tailor our products and services for you, including anticipating your likely preferences based on information concerning your previous travel with us, previous transactions, or communications with us."" | ""Any of which we may combine with other information we have about you, and which may be based on our segmentation and modelling of your personal information."""
pymnts-delta-air-lines-tests-ai-powered-personalized-pricing,aviation,delta,"""Delta Air Lines Tests AI-Powered Personalized Pricing""",PYMNTS,news article,third party with company statement,https://www.pymnts.com/travel-payments/2025/delta-air-lines-tests-ai-powered-personalized-pricing/,2025,2026-05-06,"AI-powered personalized pricing, dynamic pricing, personalized pricing, surveillance pricing, personal data, individualized offers",denies,"PYMNTS reports on Delta's Fetcherr partnership and frames the system as AI-powered personalized pricing already used on 3% of flights with plans to expand to 20%. The article explains surveillance pricing as individualized pricing based on collected personal data, such as income estimates, browsing behavior, purchase history, or device type. It includes Delta's statement denying any fare product that targets customers with individualized offers based on personal information and framing the tool as an update to traditional dynamic pricing.","""The system, developed in partnership with Israeli startup Fetcherr, is already being used on 3% of Delta’s flights, with plans to expand it to 20% by the end of the year."" | ""Personalized pricing — or surveillance pricing as the Federal Trade Commission calls it — is pricing tailored to the individual based on the personal data collected."" | ""There is no fare product Delta has ever used, is testing, or plans to use that targets customers with individualized offers based on personal information or otherwise."""
ruben-gallego-on-x-deltas-ceo-just-got-caught-bragging-about-using-ai-to-find-yo,aviation,delta,"""Ruben Gallego on X: Delta’s CEO just got caught bragging about using AI to find your pain point""",X / Senator Ruben Gallego,social media post,third party,https://x.com/RubenGallego/status/1945138645783990445,2025-07-15,2026-05-06,"AI, pain point, predatory pricing, fair pricing, competitive pricing",third-party allegation,"Senator Gallego's X post is an early public criticism of Delta's AI pricing comments. He frames the technology as using AI to find a customer's pain point, meaning the highest amount the customer can be charged. The post labels the practice predatory rather than fair or competitive pricing and signals Gallego's intent to challenge it.","""Delta’s CEO just got caught bragging about using AI to find your pain point — meaning they’ll squeeze you for every penny."" | ""This isn’t fair pricing or competitive pricing. It’s predatory pricing."""
senators-demand-answers-as-delta-plans-to-price-more-tickets-based-on-what-ai-th,aviation,delta,"""Senators Demand Answers as Delta Plans to Price More Tickets Based on What AI Thinks You’ll Pay""",Newsweek,news article,third party with company statement,https://www.newsweek.com/senators-want-answers-delta-ai-powered-pricing-plan-2102358,2025-07-22,2026-05-05,"AI, individualized fares, surveillance-based price setting, personal pain point, personal information, Fetcherr",admits,Newsweek covers the senators' July 2025 letter questioning Delta's planned use of AI-based revenue management across 20% of its domestic network. The article reports concerns that individualized or surveillance-based pricing could tailor fares to willingness to pay and collect personal information through Delta or Fetcherr. It also reports Delta executive comments that about 3% of domestic ticket prices were already set using AI and that the company hoped to reach 20% by the end of 2025.,"""Three U.S. senators are demanding answers over Delta Air Lines’ planned expansion to use artificial intelligence to set individualized fares."" | ""Roughly 3 percent of the airline’s domestic ticket prices are already set using AI, with hopes to reach 20 percent by the end of 2025."" | ""Customers also have no way of knowing what data and personal information will be collected by Delta and Fetcherr, or how the airfare algorithm will be trained."""
tech-brief-airplane-response-institute-for-technology-law-policy-georgetown-law,aviation,delta,"""Tech Brief: Airplane Response""",Georgetown Law Institute for Technology Law & Policy,expert analysis,third party with company statement,https://www.law.georgetown.edu/tech-institute/research-insights/insights/tech-brief-airplane-response-2/,2025-09-08,2026-05-06,"personal data, individualized pricing, AI-driven pricing, surveillance pricing, customized offers, algorithmic pricing, personalized offer",denies,"Georgetown Law's tech brief analyzes Delta's denial that it uses personal data in individualized pricing. The piece argues that Delta has not fully explained what data its pricing system uses, how it defines personal data, or whether granular segments could function like individualized pricing. It also discusses Fetcherr's public materials about personalized offers and raises questions about whether non-personal labels can still describe data or inferences that are effectively personal.","""There is no fare product Delta has ever used, is testing or plans to use that targets customers with individualized prices based on personal data."" | ""Delta responded with a letter claiming that it doesn’t use ‘personal data’ in setting individualized prices — but it also hasn’t said what data it does use or the extent to which pricing may be based on granular segments."" | ""How does Delta define personal data in pricing?"""
us-house-lawmakers-probe-delta-air-lines-on-use-of-ai-in-ticket-pricing-reuters,aviation,delta,"""US House lawmakers probe Delta Air Lines on use of AI in ticket pricing""",Reuters,news article,third party with company statement,https://www.reuters.com/world/us/us-house-lawmakers-probe-delta-air-lines-use-ai-ticket-pricing-2025-11-05/,2025-11-05,2026-05-05,"generative AI, ticket pricing, individualized offers, personal information, surveillance-based price discrimination, personal data",denies,"Reuters reports a November 2025 House Democratic inquiry asking Delta whether it will use AI for individualized, surveillance-based price discrimination. The article includes Delta's renewed denial that any fare product targets customers with individualized offers based on personal information. It also summarizes lawmakers' concern that airlines could use AI, personal data, or internet activity to infer urgent travel needs and raise fares accordingly.","""Democratic U.S. House lawmakers asked Delta in a letter seen by Reuters to disclose whether it will deploy AI to boost prices through ‘individualized, surveillance-based price discrimination.’"" | ""There is no fare product Delta has ever used, is testing or plans to use that targets customers with individualized offers based on personal information or otherwise."" | ""Lawmakers have raised concerns that airlines could use AI, personal data or consumers’ internet usage... to pinpoint when people most want to travel, and subsequently hike air fares or other prices."""
